,precision,recall,f1-score,support
0,0.7972144557094957,0.9937193405709689,0.8845944723589643,12435.0
1,0.9144763266990352,0.18159126365054606,0.2973960763846366,3846.0
accuracy,0.8018733493028684,0.8018733493028684,0.8018733493028684,0.8018733493028684
macro avg,0.8558453912042655,0.5876553021107574,0.5909952743718004,16281.0
weighted avg,0.824914790813345,0.8018733493028684,0.7458827819887619,16281.0
