,precision,recall,f1-score,support
0,0.29160839160839164,0.20666666666666664,0.1385611205432937,30.0
1,0.2410711479117551,0.2866666666666667,0.16054710613644713,15.0
2,0.08635726125207191,0.4333333333333334,0.14061409179056236,6.0
3,0.06088235294117648,0.26666666666666666,0.08719806763285025,3.0
4,0.08409090909090909,0.05833333333333333,0.05178571428571429,12.0
accuracy,0.2212121212121212,0.2212121212121212,0.2212121212121212,0.2212121212121212
macro avg,0.15280201256086084,0.2503333333333333,0.11574122007777357,66.0
weighted avg,0.21324546215689305,0.2212121212121212,0.12563253838509114,66.0
